{
  "version": 1,
  "comment":  "Need to add 'global' section for things like motor max speed, accel, etc",
  "actuators": [
    {
      "name": "RightRearHip",
      "address": 31,
      "inwardCurrentLimit": 1700,
      "outwardCurrentLimit": 1700,
      "outwardExtensionLimit": 680,
      "acceleration": 95,
      "enabled": true,
      "port": "Right"
    },
    {
      "name": "RightRearKnee",
      "address": 5,
      "inwardCurrentLimit": 1700,
      "outwardCurrentLimit": 1700,
      "outwardExtensionLimit": 1100,
      "acceleration": 95,
      "enabled": true,
      "port": "Right"
    },
    {
      "name": "RightRearAnkle",
      "address": 30,
      "inwardCurrentLimit": 1700,
      "outwardCurrentLimit": 1700,
      "outwardExtensionLimit": 1150,
      "acceleration": 95,
      "enabled": true,
      "port": "Right"
    },
    {
      "name": "RightMidHip",
      "address": 7,
      "inwardCurrentLimit": 1700,
      "outwardCurrentLimit": 1700,
      "outwardExtensionLimit": 650,
      "acceleration": 95,
      "enabled": true,
      "port": "Right"
    },
    {
      "name": "RightMidKnee",
      "address": 8,
      "inwardCurrentLimit": 1700,
      "outwardCurrentLimit": 1700,
      "outwardExtensionLimit": 1200,
      "acceleration": 95,
      "enabled": true,
      "port": "Right"
    },
    {
      "name": "RightMidAnkle",
      "address": 9,
      "inwardCurrentLimit": 1700,
      "outwardCurrentLimit": 1700,
      "outwardExtensionLimit": 1150,
      "acceleration": 95,
      "enabled": true,
      "port": "Right"
    },
    {
      "name": "RightFrontHip",
      "address": 10,
      "inwardCurrentLimit": 1700,
      "outwardCurrentLimit": 1700,
      "outwardExtensionLimit": 750,
      "acceleration": 95,
      "enabled": true,
      "port": "Right"
    },
    {
      "name": "RightFrontKnee",
      "address": 11,
      "inwardCurrentLimit": 1700,
      "outwardCurrentLimit": 1700,
      "outwardExtensionLimit": 1250,
      "acceleration": 95,
      "enabled": true,
      "port": "Right"
    },
    {
      "name": "RightFrontAnkle",
      "address": 12,
      "inwardCurrentLimit": 1700,
      "outwardCurrentLimit": 1700,
      "outwardExtensionLimit": 700,
      "acceleration": 95,
      "enabled": true,
      "port": "Right"
    },
    {
      "name": "LeftRearHip",
      "address": 13,
      "inwardCurrentLimit": 1700,
      "outwardCurrentLimit": 1700,
      "outwardExtensionLimit": 680,
      "acceleration": 95,
      "enabled": true,
      "port": "Left"
    },
    {
      "name": "LeftRearKnee",
      "address": 14,
      "inwardCurrentLimit": 1700,
      "outwardCurrentLimit": 1700,
      "outwardExtensionLimit": 1100,
      "acceleration": 95,
      "enabled": true,
      "port": "Left"
    },
    {
      "name": "LeftRearAnkle",
      "address": 15,
      "inwardCurrentLimit": 1700,
      "outwardCurrentLimit": 1700,
      "outwardExtensionLimit": 1150,
      "acceleration": 95,
      "enabled": true,
      "port": "Left"
    },
    {
      "name": "LeftMidHip",
      "address": 16,
      "inwardCurrentLimit": 1700,
      "outwardCurrentLimit": 1700,
      "outwardExtensionLimit": 650,
      "acceleration": 95,
      "enabled": true,
      "port": "Left"
    },
    {
      "name": "LeftMidKnee",
      "address": 17,
      "inwardCurrentLimit": 1700,
      "outwardCurrentLimit": 1700,
      "outwardExtensionLimit": 1200,
      "acceleration": 95,
      "enabled": true,
      "port": "Left"
    },
    {
      "name": "LeftMidAnkle",
      "address": 18,
      "inwardCurrentLimit": 1700,
      "outwardCurrentLimit": 1700,
      "outwardExtensionLimit": 1150,
      "acceleration": 95,
      "enabled": true,
      "port": "Left"
    },
    {
      "name": "LeftFrontHip",
      "address": 19,
      "inwardCurrentLimit": 1700,
      "outwardCurrentLimit": 1700,
      "outwardExtensionLimit": 750,
      "acceleration": 95,
      "enabled": true,
      "port": "Left"
    },
    {
      "name": "LeftFrontKnee",
      "address": 20,
      "inwardCurrentLimit": 1700,
      "outwardCurrentLimit": 1700,
      "outwardExtensionLimit": 1250,
      "acceleration": 95,
      "enabled": true,
      "port": "Left"
    },
    {
      "name": "LeftFrontAnkle", 
      "address": 21,
      "inwardCurrentLimit": 1700,
      "outwardCurrentLimit": 1700,
      "outwardExtensionLimit": 700,
      "acceleration": 95,
      "enabled": true,
      "port": "Left"
    },
    {
      "name": "RightWingRotate",
      "address": 25,
      "inwardCurrentLimit": 1700,
      "outwardCurrentLimit": 1700,
      "mustForceCalibrate": true,
      "acceleration": 95,
      "enabled": true,
      "port": "Right"
    },
    {
      "name": "RightWingRaise",
      "address": 26,
      "inwardCurrentLimit": 1700,
      "outwardCurrentLimit": 1700,
      "outwardExtensionLimit": 65534,
      "acceleration": 95,
      "enabled": true,
      "port": "Right",
      "encoderFailTimeout": 10000
    },
    {
      "name": "LeftWingRotate",
      "address": 22,
      "inwardCurrentLimit": 1700,
      "outwardCurrentLimit": 1700,
      "mustForceCalibrate": true,
      "acceleration": 95,
      "enabled": true,
      "port": "Left"
    },
    {
      "name": "LeftWingRaise",
      "address": 23,
      "inwardCurrentLimit": 1700,
      "outwardCurrentLimit": 1700,
      "outwardExtensionLimit": 1300,
      "acceleration": 95,
      "enabled": true,
      "port": "Left",
      "encoderFailTimeout": 10000
    },
    {
      "name": "Arse",
      "address": 27,
      "inwardCurrentLimit": 1700,
      "outwardCurrentLimit": 1700,
      "outwardExtensionLimit": 1100,
      "acceleration": 95,
      "enabled": true,
      "port": "Right"
    },
    {
      "name": "Pincer1",
      "address": 28,
      "inwardCurrentLimit": 1700,
      "outwardCurrentLimit": 1700,
      "positionEncoderScaling": 0,
      "acceleration": 95,
      "enabled": true,
      "port": "Left"
    },
    {
      "name": "Pincer2",
      "address": 29,
      "inwardCurrentLimit": 1700,
      "outwardCurrentLimit": 1700,
      "positionEncoderScaling": 0,
      "acceleration": 95,
      "enabled": true,
      "port": "Left"
    }
  ]
}
